city,date,coconut_milk_used,coconut_milk_expired
Shanghai,2022-01-01,153.48,0.0
Shanghai,2022-01-02,179.64,0.0
Shanghai,2022-01-03,130.2,0.0
Shanghai,2022-01-04,120.24,0.0
Shanghai,2022-01-05,128.88,0.0
Shanghai,2022-01-06,122.28,0.0
Shanghai,2022-01-07,147.6,0.0
Shanghai,2022-01-08,165.48,153.48
Shanghai,2022-01-09,177.72,179.64
Shanghai,2022-01-10,166.44,130.2
Shanghai,2022-01-11,146.64,120.24
Shanghai,2022-01-12,211.8,128.88
Shanghai,2022-01-13,186.24,122.28
Shanghai,2022-01-14,160.8,147.6
Shanghai,2022-01-15,149.76,165.48
Shanghai,2022-01-16,191.88,177.72
Shanghai,2022-01-17,152.52,166.44
Shanghai,2022-01-18,162.72,146.64
Shanghai,2022-01-19,176.28,211.8
Shanghai,2022-01-20,152.88,186.24
Shanghai,2022-01-21,167.28,160.8
Shanghai,2022-01-22,163.92,149.76
Shanghai,2022-01-23,202.08,191.88
Shanghai,2022-01-24,161.16,152.52
Shanghai,2022-01-25,183.6,162.72
Shanghai,2022-01-26,162.84,176.28
Shanghai,2022-01-27,175.56,152.88
Shanghai,2022-01-28,176.16,167.28
Shanghai,2022-01-29,205.68,163.92
Shanghai,2022-01-30,187.56,202.08
Shanghai,2022-01-31,295.2,161.16
Shanghai,2022-02-01,181.44,183.6
Shanghai,2022-02-02,191.28,162.84
Shanghai,2022-02-03,171.0,175.56
Shanghai,2022-02-04,186.0,176.16
Shanghai,2022-02-05,206.52,205.68
Shanghai,2022-02-06,203.76,187.56
Shanghai,2022-02-07,190.2,295.2
Shanghai,2022-02-08,200.16,181.44
Shanghai,2022-02-09,260.88,191.28
Shanghai,2022-02-10,183.12,171.0
Shanghai,2022-02-11,193.32,186.0
Shanghai,2022-02-12,222.6,206.52
Shanghai,2022-02-13,244.56,203.76
Shanghai,2022-02-14,208.56,190.2
Shanghai,2022-02-15,233.64,200.16
Shanghai,2022-02-16,206.28,260.88
Shanghai,2022-02-17,189.48,183.12
Shanghai,2022-02-18,192.12,193.32
Shanghai,2022-02-19,228.12,222.6
Shanghai,2022-02-20,232.08,244.56
Shanghai,2022-02-21,190.08,208.56
Shanghai,2022-02-22,312.12,233.64
Shanghai,2022-02-23,225.84,206.28
Shanghai,2022-02-24,198.0,189.48
Shanghai,2022-02-25,219.48,192.12
Shanghai,2022-02-26,230.4,228.12
Shanghai,2022-02-27,246.24,232.08
Shanghai,2022-02-28,223.2,190.08
Shanghai,2022-03-01,198.36,312.12
Shanghai,2022-03-02,189.84,225.84
Shanghai,2022-03-03,211.32,198.0
Shanghai,2022-03-04,186.36,219.48
Shanghai,2022-03-05,259.68,230.4
Shanghai,2022-03-06,239.04,246.24
Shanghai,2022-03-07,192.48,223.2
Shanghai,2022-03-08,323.76,198.36
Shanghai,2022-03-09,239.04,189.84
Shanghai,2022-03-10,203.28,211.32
Shanghai,2022-03-11,215.04,186.36
Shanghai,2022-03-12,392.64,259.68
Shanghai,2022-03-13,318.12,239.04
Shanghai,2022-03-14,201.12,192.48
Shanghai,2022-03-15,225.48,323.76
Shanghai,2022-03-16,205.44,239.04
Shanghai,2022-03-17,298.08,203.28
Shanghai,2022-03-18,244.68,215.04
Shanghai,2022-03-19,221.76,392.64
Shanghai,2022-03-20,260.28,318.12
Shanghai,2022-03-21,439.08,201.12
Shanghai,2022-03-22,248.64,225.48
Shanghai,2022-03-23,231.12,205.44
Shanghai,2022-03-24,206.64,298.08
Shanghai,2022-03-25,203.04,244.68
Shanghai,2022-03-26,252.12,221.76
Shanghai,2022-03-27,271.92,260.28
Shanghai,2022-03-28,235.8,439.08
Shanghai,2022-03-29,219.48,248.64
Shanghai,2022-03-30,275.52,231.12
Shanghai,2022-03-31,208.8,206.64
Shanghai,2022-04-01,189.0,203.04
Shanghai,2022-04-02,277.32,252.12
Shanghai,2022-04-03,245.4,271.92
Shanghai,2022-04-04,242.76,235.8
Shanghai,2022-04-05,253.92,219.48
Shanghai,2022-04-06,201.36,275.52
Shanghai,2022-04-07,252.12,208.8
Shanghai,2022-04-08,179.76,189.0
Shanghai,2022-04-09,211.44,277.32
Shanghai,2022-04-10,252.24,245.4
Shanghai,2022-04-11,262.08,242.76
Shanghai,2022-04-12,220.2,253.92
Shanghai,2022-04-13,219.12,201.36
Shanghai,2022-04-14,231.84,252.12
Shanghai,2022-04-15,250.32,179.76
Shanghai,2022-04-16,261.72,211.44
Shanghai,2022-04-17,375.84,252.24
Shanghai,2022-04-18,227.52,262.08
Shanghai,2022-04-19,250.56,220.2
Shanghai,2022-04-20,234.12,219.12
Shanghai,2022-04-21,207.84,231.84
Shanghai,2022-04-22,217.32,250.32
Shanghai,2022-04-23,263.76,261.72
Shanghai,2022-04-24,399.12,375.84
Shanghai,2022-04-25,215.04,227.52
Shanghai,2022-04-26,335.04,250.56
Shanghai,2022-04-27,224.88,234.12
Shanghai,2022-04-28,211.8,207.84
Shanghai,2022-04-29,366.84,217.32
Shanghai,2022-04-30,210.36,263.76
Shanghai,2022-05-01,260.64,399.12
Shanghai,2022-05-02,193.56,215.04
Shanghai,2022-05-03,219.36,335.04
Shanghai,2022-05-04,195.6,224.88
Shanghai,2022-05-05,233.52,211.8
Shanghai,2022-05-06,198.6,366.84
Shanghai,2022-05-07,256.32,210.36
Shanghai,2022-05-08,196.56,260.64
Shanghai,2022-05-09,218.88,193.56
Shanghai,2022-05-10,227.64,219.36
Shanghai,2022-05-11,198.12,195.6
Shanghai,2022-05-12,188.4,233.52
Shanghai,2022-05-13,203.4,198.6
Shanghai,2022-05-14,225.24,256.32
Shanghai,2022-05-15,244.08,196.56
Shanghai,2022-05-16,275.64,218.88
Shanghai,2022-05-17,325.92,227.64
Shanghai,2022-05-18,195.6,198.12
Shanghai,2022-05-19,205.92,188.4
Shanghai,2022-05-20,175.92,203.4
Shanghai,2022-05-21,193.56,225.24
Shanghai,2022-05-22,252.36,244.08
Shanghai,2022-05-23,206.04,275.64
Shanghai,2022-05-24,202.68,325.92
Shanghai,2022-05-25,270.24,195.6
Shanghai,2022-05-26,190.2,205.92
Shanghai,2022-05-27,282.6,175.92
Shanghai,2022-05-28,186.24,193.56
Shanghai,2022-05-29,213.96,252.36
Shanghai,2022-05-30,268.92,206.04
Shanghai,2022-05-31,152.76,202.68
Shanghai,2022-06-01,184.08,270.24
Shanghai,2022-06-02,204.36,190.2
Shanghai,2022-06-03,165.12,282.6
Shanghai,2022-06-04,223.56,186.24
Shanghai,2022-06-05,242.04,213.96
Shanghai,2022-06-06,159.24,268.92
Shanghai,2022-06-07,191.28,152.76
Shanghai,2022-06-08,159.48,184.08
Shanghai,2022-06-09,148.2,204.36
Shanghai,2022-06-10,168.0,165.12
Shanghai,2022-06-11,199.56,223.56
Shanghai,2022-06-12,198.12,242.04
Shanghai,2022-06-13,222.96,159.24
Shanghai,2022-06-14,163.92,191.28
Shanghai,2022-06-15,157.2,159.48
Shanghai,2022-06-16,154.92,148.2
Shanghai,2022-06-17,166.08,168.0
Shanghai,2022-06-18,166.56,199.56
Shanghai,2022-06-19,160.2,198.12
Shanghai,2022-06-20,139.68,222.96
Shanghai,2022-06-21,161.76,163.92
Shanghai,2022-06-22,165.72,157.2
Shanghai,2022-06-23,143.4,154.92
Shanghai,2022-06-24,147.36,166.08
Shanghai,2022-06-25,133.44,166.56
Shanghai,2022-06-26,131.64,160.2
Shanghai,2022-06-27,148.32,139.68
Shanghai,2022-06-28,135.0,161.76
Shanghai,2022-06-29,131.28,165.72
Shanghai,2022-06-30,135.72,143.4
Shanghai,2022-07-01,120.72,147.36
Shanghai,2022-07-02,167.64,133.44
Shanghai,2022-07-03,171.48,131.64
Shanghai,2022-07-04,157.32,148.32
Shanghai,2022-07-05,123.0,135.0
Shanghai,2022-07-06,122.88,131.28
Shanghai,2022-07-07,125.88,135.72
Shanghai,2022-07-08,118.2,120.72
Shanghai,2022-07-09,131.04,167.64
Shanghai,2022-07-10,134.28,171.48
Shanghai,2022-07-11,169.56,157.32
Shanghai,2022-07-12,188.88,123.0
Shanghai,2022-07-13,113.76,122.88
Shanghai,2022-07-14,220.92,125.88
Shanghai,2022-07-15,120.0,118.2
Shanghai,2022-07-16,106.44,131.04
Shanghai,2022-07-17,125.16,134.28
Shanghai,2022-07-18,111.12,169.56
Shanghai,2022-07-19,110.64,188.88
Shanghai,2022-07-20,116.04,113.76
Shanghai,2022-07-21,127.2,220.92
Shanghai,2022-07-22,92.88,120.0
Shanghai,2022-07-23,182.16,106.44
Shanghai,2022-07-24,214.56,125.16
Shanghai,2022-07-25,105.0,111.12
Shanghai,2022-07-26,101.52,110.64
Shanghai,2022-07-27,123.84,116.04
Shanghai,2022-07-28,110.16,127.2
Shanghai,2022-07-29,85.32,92.88
Shanghai,2022-07-30,114.48,182.16
Shanghai,2022-07-31,115.44,214.56
Shanghai,2022-08-01,104.64,105.0
Shanghai,2022-08-02,100.08,101.52
Shanghai,2022-08-03,110.04,123.84
Shanghai,2022-08-04,99.6,110.16
Shanghai,2022-08-05,84.84,85.32
Shanghai,2022-08-06,105.36,114.48
Shanghai,2022-08-07,113.4,115.44
Shanghai,2022-08-08,84.72,104.64
Shanghai,2022-08-09,86.28,100.08
Shanghai,2022-08-10,105.6,110.04
Shanghai,2022-08-11,85.08,99.6
Shanghai,2022-08-12,91.68,84.84
Shanghai,2022-08-13,125.04,105.36
Shanghai,2022-08-14,107.76,113.4
Shanghai,2022-08-15,91.44,84.72
Shanghai,2022-08-16,104.88,86.28
Shanghai,2022-08-17,87.36,105.6
Shanghai,2022-08-18,120.12,85.08
Shanghai,2022-08-19,148.8,91.68
Shanghai,2022-08-20,92.16,125.04
Shanghai,2022-08-21,81.12,107.76
Shanghai,2022-08-22,103.44,91.44
Shanghai,2022-08-23,73.8,104.88
Shanghai,2022-08-24,78.24,87.36
Shanghai,2022-08-25,82.68,120.12
Shanghai,2022-08-26,95.28,148.8
Shanghai,2022-08-27,89.88,92.16
Shanghai,2022-08-28,122.04,81.12
Shanghai,2022-08-29,79.08,103.44
Shanghai,2022-08-30,77.52,73.8
Shanghai,2022-08-31,77.52,78.24
Shanghai,2022-09-01,73.08,82.68
Shanghai,2022-09-02,64.2,95.28
Shanghai,2022-09-03,77.28,89.88
Shanghai,2022-09-04,85.92,122.04
Shanghai,2022-09-05,97.32,79.08
Shanghai,2022-09-06,72.48,77.52
Shanghai,2022-09-07,85.44,77.52
Shanghai,2022-09-08,66.6,73.08
Shanghai,2022-09-09,73.92,64.2
Shanghai,2022-09-10,80.64,77.28
Shanghai,2022-09-11,89.52,85.92
Shanghai,2022-09-12,72.12,97.32
Shanghai,2022-09-13,72.24,72.48
Shanghai,2022-09-14,74.4,85.44
Shanghai,2022-09-15,75.12,66.6
Shanghai,2022-09-16,65.4,73.92
Shanghai,2022-09-17,86.4,80.64
Shanghai,2022-09-18,70.32,89.52
Shanghai,2022-09-19,105.72,72.12
Shanghai,2022-09-20,73.68,72.24
Shanghai,2022-09-21,68.28,74.4
Shanghai,2022-09-22,82.2,75.12
Shanghai,2022-09-23,69.36,65.4
Shanghai,2022-09-24,112.68,86.4
Shanghai,2022-09-25,74.4,70.32
Shanghai,2022-09-26,81.36,105.72
Shanghai,2022-09-27,75.84,73.68
Shanghai,2022-09-28,68.16,68.28
Shanghai,2022-09-29,84.0,82.2
Shanghai,2022-09-30,69.0,69.36
Shanghai,2022-10-01,68.28,112.68
Shanghai,2022-10-02,79.32,74.4
Shanghai,2022-10-03,79.56,81.36
Shanghai,2022-10-04,70.68,75.84
Shanghai,2022-10-05,67.8,68.16
Shanghai,2022-10-06,68.04,84.0
Shanghai,2022-10-07,79.2,69.0
Shanghai,2022-10-08,71.04,68.28
Shanghai,2022-10-09,89.4,79.32
Shanghai,2022-10-10,69.12,79.56
Shanghai,2022-10-11,73.32,70.68
Shanghai,2022-10-12,75.0,67.8
Shanghai,2022-10-13,78.84,68.04
Shanghai,2022-10-14,72.48,79.2
Shanghai,2022-10-15,84.84,71.04
Shanghai,2022-10-16,86.28,89.4
Shanghai,2022-10-17,72.96,69.12
Shanghai,2022-10-18,113.28,73.32
Shanghai,2022-10-19,72.48,75.0
Shanghai,2022-10-20,69.6,78.84
Shanghai,2022-10-21,70.68,72.48
Shanghai,2022-10-22,83.64,84.84
Shanghai,2022-10-23,92.28,86.28
Shanghai,2022-10-24,78.84,72.96
Shanghai,2022-10-25,80.76,113.28
Shanghai,2022-10-26,112.44,72.48
Shanghai,2022-10-27,81.6,69.6
Shanghai,2022-10-28,59.04,70.68
Shanghai,2022-10-29,83.4,83.64
Shanghai,2022-10-30,76.2,92.28
Shanghai,2022-10-31,78.12,78.84
Shanghai,2022-11-01,77.04,80.76
Shanghai,2022-11-02,120.72,112.44
Shanghai,2022-11-03,124.68,81.6
Shanghai,2022-11-04,82.8,59.04
Shanghai,2022-11-05,84.6,83.4
Shanghai,2022-11-06,85.2,76.2
Shanghai,2022-11-07,77.64,78.12
Shanghai,2022-11-08,124.92,77.04
Shanghai,2022-11-09,80.88,120.72
Shanghai,2022-11-10,73.32,124.68
Shanghai,2022-11-11,80.88,82.8
Shanghai,2022-11-12,90.72,84.6
Shanghai,2022-11-13,108.84,85.2
Shanghai,2022-11-14,79.32,77.64
Shanghai,2022-11-15,83.16,124.92
Shanghai,2022-11-16,86.16,80.88
Shanghai,2022-11-17,67.44,73.32
Shanghai,2022-11-18,93.6,80.88
Shanghai,2022-11-19,97.92,90.72
Shanghai,2022-11-20,116.16,108.84
Shanghai,2022-11-21,98.04,79.32
Shanghai,2022-11-22,105.72,83.16
Shanghai,2022-11-23,93.24,86.16
Shanghai,2022-11-24,93.84,67.44
Shanghai,2022-11-25,94.92,93.6
Shanghai,2022-11-26,121.08,97.92
Shanghai,2022-11-27,101.4,116.16
Shanghai,2022-11-28,144.48,98.04
Shanghai,2022-11-29,107.04,105.72
Shanghai,2022-11-30,113.04,93.24
Shanghai,2022-12-01,140.52,93.84
Shanghai,2022-12-02,150.84,94.92
Shanghai,2022-12-03,117.12,121.08
Shanghai,2022-12-04,110.04,101.4
Shanghai,2022-12-05,101.52,144.48
Shanghai,2022-12-06,112.44,107.04
Shanghai,2022-12-07,94.68,113.04
Shanghai,2022-12-08,123.84,140.52
Shanghai,2022-12-09,120.6,150.84
Shanghai,2022-12-10,121.68,117.12
Shanghai,2022-12-11,114.48,110.04
Shanghai,2022-12-12,166.44,101.52
Shanghai,2022-12-13,115.68,112.44
Shanghai,2022-12-14,120.12,94.68
Shanghai,2022-12-15,117.72,123.84
Shanghai,2022-12-16,122.64,120.6
Shanghai,2022-12-17,144.84,121.68
Shanghai,2022-12-18,145.8,114.48
Shanghai,2022-12-19,114.12,166.44
Shanghai,2022-12-20,134.64,115.68
Shanghai,2022-12-21,118.44,120.12
Shanghai,2022-12-22,121.68,117.72
Shanghai,2022-12-23,123.24,122.64
Shanghai,2022-12-24,114.72,144.84
Shanghai,2022-12-25,139.8,145.8
Shanghai,2022-12-26,123.0,114.12
Shanghai,2022-12-27,143.4,134.64
Shanghai,2022-12-28,130.44,118.44
Shanghai,2022-12-29,128.04,121.68
Shanghai,2022-12-30,125.4,123.24
Shanghai,2022-12-31,170.28,114.72
Beijing,2022-01-01,137.04,0.0
Beijing,2022-01-02,134.88,0.0
Beijing,2022-01-03,116.28,0.0
Beijing,2022-01-04,116.04,0.0
Beijing,2022-01-05,112.08,0.0
Beijing,2022-01-06,109.32,0.0
Beijing,2022-01-07,103.08,0.0
Beijing,2022-01-08,117.12,137.04
Beijing,2022-01-09,151.56,134.88
Beijing,2022-01-10,115.56,116.28
Beijing,2022-01-11,174.12,116.04
Beijing,2022-01-12,115.2,112.08
Beijing,2022-01-13,100.08,109.32
Beijing,2022-01-14,131.4,103.08
Beijing,2022-01-15,114.36,117.12
Beijing,2022-01-16,224.04,151.56
Beijing,2022-01-17,126.48,115.56
Beijing,2022-01-18,162.6,174.12
Beijing,2022-01-19,145.68,115.2
Beijing,2022-01-20,119.64,100.08
Beijing,2022-01-21,173.88,131.4
Beijing,2022-01-22,216.12,114.36
Beijing,2022-01-23,145.68,224.04
Beijing,2022-01-24,118.56,126.48
Beijing,2022-01-25,116.28,162.6
Beijing,2022-01-26,182.64,145.68
Beijing,2022-01-27,132.72,119.64
Beijing,2022-01-28,182.16,173.88
Beijing,2022-01-29,138.6,216.12
Beijing,2022-01-30,168.6,145.68
Beijing,2022-01-31,154.2,118.56
Beijing,2022-02-01,155.64,116.28
Beijing,2022-02-02,144.96,182.64
Beijing,2022-02-03,141.36,132.72
Beijing,2022-02-04,139.08,182.16
Beijing,2022-02-05,147.84,138.6
Beijing,2022-02-06,206.28,168.6
Beijing,2022-02-07,148.8,154.2
Beijing,2022-02-08,114.96,155.64
Beijing,2022-02-09,144.12,144.96
Beijing,2022-02-10,139.56,141.36
Beijing,2022-02-11,140.52,139.08
Beijing,2022-02-12,171.24,147.84
Beijing,2022-02-13,197.76,206.28
Beijing,2022-02-14,163.2,148.8
Beijing,2022-02-15,156.84,114.96
Beijing,2022-02-16,140.76,144.12
Beijing,2022-02-17,150.72,139.56
Beijing,2022-02-18,156.36,140.52
Beijing,2022-02-19,199.56,171.24
Beijing,2022-02-20,189.36,197.76
Beijing,2022-02-21,168.96,163.2
Beijing,2022-02-22,171.12,156.84
Beijing,2022-02-23,144.48,140.76
Beijing,2022-02-24,133.32,150.72
Beijing,2022-02-25,171.72,156.36
Beijing,2022-02-26,159.36,199.56
Beijing,2022-02-27,174.48,189.36
Beijing,2022-02-28,184.08,168.96
Beijing,2022-03-01,175.92,171.12
Beijing,2022-03-02,132.84,144.48
Beijing,2022-03-03,187.08,133.32
Beijing,2022-03-04,177.96,171.72
Beijing,2022-03-05,288.0,159.36
Beijing,2022-03-06,268.56,174.48
Beijing,2022-03-07,146.52,184.08
Beijing,2022-03-08,184.8,175.92
Beijing,2022-03-09,186.12,132.84
Beijing,2022-03-10,156.96,187.08
Beijing,2022-03-11,167.52,177.96
Beijing,2022-03-12,192.48,288.0
Beijing,2022-03-13,201.72,268.56
Beijing,2022-03-14,162.96,146.52
Beijing,2022-03-15,272.16,184.8
Beijing,2022-03-16,155.52,186.12
Beijing,2022-03-17,172.2,156.96
Beijing,2022-03-18,228.6,167.52
Beijing,2022-03-19,192.0,192.48
Beijing,2022-03-20,194.76,201.72
Beijing,2022-03-21,166.32,162.96
Beijing,2022-03-22,180.36,272.16
Beijing,2022-03-23,201.84,155.52
Beijing,2022-03-24,148.92,172.2
Beijing,2022-03-25,173.04,228.6
Beijing,2022-03-26,216.0,192.0
Beijing,2022-03-27,222.36,194.76
Beijing,2022-03-28,297.0,166.32
Beijing,2022-03-29,155.04,180.36
Beijing,2022-03-30,161.28,201.84
Beijing,2022-03-31,177.0,148.92
Beijing,2022-04-01,185.4,173.04
Beijing,2022-04-02,170.04,216.0
Beijing,2022-04-03,216.84,222.36
Beijing,2022-04-04,162.84,297.0
Beijing,2022-04-05,243.12,155.04
Beijing,2022-04-06,166.56,161.28
Beijing,2022-04-07,183.0,177.0
Beijing,2022-04-08,148.8,185.4
Beijing,2022-04-09,207.96,170.04
Beijing,2022-04-10,194.28,216.84
Beijing,2022-04-11,169.32,162.84
Beijing,2022-04-12,151.8,243.12
Beijing,2022-04-13,164.64,166.56
Beijing,2022-04-14,167.04,183.0
Beijing,2022-04-15,180.84,148.8
Beijing,2022-04-16,298.32,207.96
Beijing,2022-04-17,289.92,194.28
Beijing,2022-04-18,180.36,169.32
Beijing,2022-04-19,156.84,151.8
Beijing,2022-04-20,177.96,164.64
Beijing,2022-04-21,271.32,167.04
Beijing,2022-04-22,178.2,180.84
Beijing,2022-04-23,171.36,298.32
Beijing,2022-04-24,173.16,289.92
Beijing,2022-04-25,172.8,180.36
Beijing,2022-04-26,218.28,156.84
Beijing,2022-04-27,156.6,177.96
Beijing,2022-04-28,150.0,271.32
Beijing,2022-04-29,181.08,178.2
Beijing,2022-04-30,176.88,171.36
Beijing,2022-05-01,177.36,173.16
Beijing,2022-05-02,151.92,172.8
Beijing,2022-05-03,268.44,218.28
Beijing,2022-05-04,192.96,156.6
Beijing,2022-05-05,148.08,150.0
Beijing,2022-05-06,161.88,181.08
Beijing,2022-05-07,140.64,176.88
Beijing,2022-05-08,174.84,177.36
Beijing,2022-05-09,149.4,151.92
Beijing,2022-05-10,149.16,268.44
Beijing,2022-05-11,159.96,192.96
Beijing,2022-05-12,146.28,148.08
Beijing,2022-05-13,172.92,161.88
Beijing,2022-05-14,138.24,140.64
Beijing,2022-05-15,183.72,174.84
Beijing,2022-05-16,136.44,149.4
Beijing,2022-05-17,154.8,149.16
Beijing,2022-05-18,160.08,159.96
Beijing,2022-05-19,139.2,146.28
Beijing,2022-05-20,167.88,172.92
Beijing,2022-05-21,168.0,138.24
Beijing,2022-05-22,178.32,183.72
Beijing,2022-05-23,143.28,136.44
Beijing,2022-05-24,135.72,154.8
Beijing,2022-05-25,157.8,160.08
Beijing,2022-05-26,160.08,139.2
Beijing,2022-05-27,135.72,167.88
Beijing,2022-05-28,180.72,168.0
Beijing,2022-05-29,166.44,178.32
Beijing,2022-05-30,250.08,143.28
Beijing,2022-05-31,151.44,135.72
Beijing,2022-06-01,136.2,157.8
Beijing,2022-06-02,108.24,160.08
Beijing,2022-06-03,138.24,135.72
Beijing,2022-06-04,147.36,180.72
Beijing,2022-06-05,152.76,166.44
Beijing,2022-06-06,132.24,250.08
Beijing,2022-06-07,134.28,151.44
Beijing,2022-06-08,144.12,136.2
Beijing,2022-06-09,129.12,108.24
Beijing,2022-06-10,182.28,138.24
Beijing,2022-06-11,126.72,147.36
Beijing,2022-06-12,164.04,152.76
Beijing,2022-06-13,113.4,132.24
Beijing,2022-06-14,129.6,134.28
Beijing,2022-06-15,121.8,144.12
Beijing,2022-06-16,110.4,129.12
Beijing,2022-06-17,106.44,182.28
Beijing,2022-06-18,132.48,126.72
Beijing,2022-06-19,151.2,164.04
Beijing,2022-06-20,117.0,113.4
Beijing,2022-06-21,146.04,129.6
Beijing,2022-06-22,113.28,121.8
Beijing,2022-06-23,134.88,110.4
Beijing,2022-06-24,120.48,106.44
Beijing,2022-06-25,127.92,132.48
Beijing,2022-06-26,128.28,151.2
Beijing,2022-06-27,101.52,117.0
Beijing,2022-06-28,105.6,146.04
Beijing,2022-06-29,132.12,113.28
Beijing,2022-06-30,114.84,134.88
Beijing,2022-07-01,114.48,120.48
Beijing,2022-07-02,112.8,127.92
Beijing,2022-07-03,128.64,128.28
Beijing,2022-07-04,93.72,101.52
Beijing,2022-07-05,94.56,105.6
Beijing,2022-07-06,110.88,132.12
Beijing,2022-07-07,154.44,114.84
Beijing,2022-07-08,106.92,114.48
Beijing,2022-07-09,113.16,112.8
Beijing,2022-07-10,133.32,128.64
Beijing,2022-07-11,78.96,93.72
Beijing,2022-07-12,80.04,94.56
Beijing,2022-07-13,94.8,110.88
Beijing,2022-07-14,89.04,154.44
Beijing,2022-07-15,84.48,106.92
Beijing,2022-07-16,116.52,113.16
Beijing,2022-07-17,112.2,133.32
Beijing,2022-07-18,84.6,78.96
Beijing,2022-07-19,88.44,80.04
Beijing,2022-07-20,83.28,94.8
Beijing,2022-07-21,84.24,89.04
Beijing,2022-07-22,81.6,84.48
Beijing,2022-07-23,92.28,116.52
Beijing,2022-07-24,88.08,112.2
Beijing,2022-07-25,82.32,84.6
Beijing,2022-07-26,70.44,88.44
Beijing,2022-07-27,78.0,83.28
Beijing,2022-07-28,79.92,84.24
Beijing,2022-07-29,72.36,81.6
Beijing,2022-07-30,79.32,92.28
Beijing,2022-07-31,111.6,88.08
Beijing,2022-08-01,81.12,82.32
Beijing,2022-08-02,86.88,70.44
Beijing,2022-08-03,53.16,78.0
Beijing,2022-08-04,82.56,79.92
Beijing,2022-08-05,86.76,72.36
Beijing,2022-08-06,88.68,79.32
Beijing,2022-08-07,73.44,111.6
Beijing,2022-08-08,69.84,81.12
Beijing,2022-08-09,69.12,86.88
Beijing,2022-08-10,70.08,53.16
Beijing,2022-08-11,70.8,82.56
Beijing,2022-08-12,63.72,86.76
Beijing,2022-08-13,81.84,88.68
Beijing,2022-08-14,69.48,73.44
Beijing,2022-08-15,78.6,69.84
Beijing,2022-08-16,66.6,69.12
Beijing,2022-08-17,61.56,70.08
Beijing,2022-08-18,64.44,70.8
Beijing,2022-08-19,90.0,63.72
Beijing,2022-08-20,77.76,81.84
Beijing,2022-08-21,72.96,69.48
Beijing,2022-08-22,63.48,78.6
Beijing,2022-08-23,63.0,66.6
Beijing,2022-08-24,108.0,61.56
Beijing,2022-08-25,64.2,64.44
Beijing,2022-08-26,58.44,90.0
Beijing,2022-08-27,72.24,77.76
Beijing,2022-08-28,67.56,72.96
Beijing,2022-08-29,65.16,63.48
Beijing,2022-08-30,48.0,63.0
Beijing,2022-08-31,48.0,108.0
Beijing,2022-09-01,59.88,64.2
Beijing,2022-09-02,62.16,58.44
Beijing,2022-09-03,60.6,72.24
Beijing,2022-09-04,68.76,67.56
Beijing,2022-09-05,55.8,65.16
Beijing,2022-09-06,56.52,48.0
Beijing,2022-09-07,52.68,48.0
Beijing,2022-09-08,54.12,59.88
Beijing,2022-09-09,55.44,62.16
Beijing,2022-09-10,58.44,60.6
Beijing,2022-09-11,55.44,68.76
Beijing,2022-09-12,56.16,55.8
Beijing,2022-09-13,58.68,56.52
Beijing,2022-09-14,53.52,52.68
Beijing,2022-09-15,50.52,54.12
Beijing,2022-09-16,55.8,55.44
Beijing,2022-09-17,61.2,58.44
Beijing,2022-09-18,57.96,55.44
Beijing,2022-09-19,53.4,56.16
Beijing,2022-09-20,52.68,58.68
Beijing,2022-09-21,52.56,53.52
Beijing,2022-09-22,60.84,50.52
Beijing,2022-09-23,44.76,55.8
Beijing,2022-09-24,50.88,61.2
Beijing,2022-09-25,65.28,57.96
Beijing,2022-09-26,50.52,53.4
Beijing,2022-09-27,49.8,52.68
Beijing,2022-09-28,84.72,52.56
Beijing,2022-09-29,57.36,60.84
Beijing,2022-09-30,56.64,44.76
Beijing,2022-10-01,74.76,50.88
Beijing,2022-10-02,48.48,65.28
Beijing,2022-10-03,55.2,50.52
Beijing,2022-10-04,62.52,49.8
Beijing,2022-10-05,51.36,84.72
Beijing,2022-10-06,47.4,57.36
Beijing,2022-10-07,53.64,56.64
Beijing,2022-10-08,67.8,74.76
Beijing,2022-10-09,58.44,48.48
Beijing,2022-10-10,49.92,55.2
Beijing,2022-10-11,42.84,62.52
Beijing,2022-10-12,50.4,51.36
Beijing,2022-10-13,51.72,47.4
Beijing,2022-10-14,48.48,53.64
Beijing,2022-10-15,76.08,67.8
Beijing,2022-10-16,63.48,58.44
Beijing,2022-10-17,51.36,49.92
Beijing,2022-10-18,56.88,42.84
Beijing,2022-10-19,49.56,50.4
Beijing,2022-10-20,41.88,51.72
Beijing,2022-10-21,95.28,48.48
Beijing,2022-10-22,61.44,76.08
Beijing,2022-10-23,60.24,63.48
Beijing,2022-10-24,50.16,51.36
Beijing,2022-10-25,51.0,56.88
Beijing,2022-10-26,55.44,49.56
Beijing,2022-10-27,56.76,41.88
Beijing,2022-10-28,58.56,95.28
Beijing,2022-10-29,69.84,61.44
Beijing,2022-10-30,64.92,60.24
Beijing,2022-10-31,81.12,50.16
Beijing,2022-11-01,56.64,51.0
Beijing,2022-11-02,64.56,55.44
Beijing,2022-11-03,54.24,56.76
Beijing,2022-11-04,68.28,58.56
Beijing,2022-11-05,75.12,69.84
Beijing,2022-11-06,59.4,64.92
Beijing,2022-11-07,63.84,81.12
Beijing,2022-11-08,51.48,56.64
Beijing,2022-11-09,57.12,64.56
Beijing,2022-11-10,65.28,54.24
Beijing,2022-11-11,57.48,68.28
Beijing,2022-11-12,66.12,75.12
Beijing,2022-11-13,87.12,59.4
Beijing,2022-11-14,59.88,63.84
Beijing,2022-11-15,76.92,51.48
Beijing,2022-11-16,69.36,57.12
Beijing,2022-11-17,63.96,65.28
Beijing,2022-11-18,68.16,57.48
Beijing,2022-11-19,74.4,66.12
Beijing,2022-11-20,68.16,87.12
Beijing,2022-11-21,103.56,59.88
Beijing,2022-11-22,55.68,76.92
Beijing,2022-11-23,65.88,69.36
Beijing,2022-11-24,77.88,63.96
Beijing,2022-11-25,61.32,68.16
Beijing,2022-11-26,71.64,74.4
Beijing,2022-11-27,118.56,68.16
Beijing,2022-11-28,66.12,103.56
Beijing,2022-11-29,62.64,55.68
Beijing,2022-11-30,122.04,65.88
Beijing,2022-12-01,73.44,77.88
Beijing,2022-12-02,72.72,61.32
Beijing,2022-12-03,93.24,71.64
Beijing,2022-12-04,89.88,118.56
Beijing,2022-12-05,78.84,66.12
Beijing,2022-12-06,107.4,62.64
Beijing,2022-12-07,126.96,122.04
Beijing,2022-12-08,70.08,73.44
Beijing,2022-12-09,88.32,72.72
Beijing,2022-12-10,106.2,93.24
Beijing,2022-12-11,98.28,89.88
Beijing,2022-12-12,96.84,78.84
Beijing,2022-12-13,125.64,107.4
Beijing,2022-12-14,90.0,126.96
Beijing,2022-12-15,68.76,70.08
Beijing,2022-12-16,95.04,88.32
Beijing,2022-12-17,102.0,106.2
Beijing,2022-12-18,104.88,98.28
Beijing,2022-12-19,99.36,96.84
Beijing,2022-12-20,99.84,125.64
Beijing,2022-12-21,102.48,90.0
Beijing,2022-12-22,100.2,68.76
Beijing,2022-12-23,88.2,95.04
Beijing,2022-12-24,88.44,102.0
Beijing,2022-12-25,104.76,104.88
Beijing,2022-12-26,102.96,99.36
Beijing,2022-12-27,92.52,99.84
Beijing,2022-12-28,99.84,102.48
Beijing,2022-12-29,87.72,100.2
Beijing,2022-12-30,100.92,88.2
Beijing,2022-12-31,181.92,88.44
Guangzhou,2022-01-01,121.32,0.0
Guangzhou,2022-01-02,134.76,0.0
Guangzhou,2022-01-03,114.72,0.0
Guangzhou,2022-01-04,104.64,0.0
Guangzhou,2022-01-05,116.4,0.0
Guangzhou,2022-01-06,112.68,0.0
Guangzhou,2022-01-07,134.04,0.0
Guangzhou,2022-01-08,135.24,121.32
Guangzhou,2022-01-09,130.2,134.76
Guangzhou,2022-01-10,122.04,114.72
Guangzhou,2022-01-11,121.2,104.64
Guangzhou,2022-01-12,125.04,116.4
Guangzhou,2022-01-13,133.2,112.68
Guangzhou,2022-01-14,113.04,134.04
Guangzhou,2022-01-15,144.96,135.24
Guangzhou,2022-01-16,151.8,130.2
Guangzhou,2022-01-17,150.84,122.04
Guangzhou,2022-01-18,148.56,121.2
Guangzhou,2022-01-19,126.24,125.04
Guangzhou,2022-01-20,136.2,133.2
Guangzhou,2022-01-21,132.6,113.04
Guangzhou,2022-01-22,149.76,144.96
Guangzhou,2022-01-23,212.52,151.8
Guangzhou,2022-01-24,122.04,150.84
Guangzhou,2022-01-25,141.36,148.56
Guangzhou,2022-01-26,130.08,126.24
Guangzhou,2022-01-27,143.76,136.2
Guangzhou,2022-01-28,143.16,132.6
Guangzhou,2022-01-29,183.24,149.76
Guangzhou,2022-01-30,179.76,212.52
Guangzhou,2022-01-31,144.48,122.04
Guangzhou,2022-02-01,141.6,141.36
Guangzhou,2022-02-02,139.56,130.08
Guangzhou,2022-02-03,135.36,143.76
Guangzhou,2022-02-04,123.72,143.16
Guangzhou,2022-02-05,168.96,183.24
Guangzhou,2022-02-06,283.8,179.76
Guangzhou,2022-02-07,164.88,144.48
Guangzhou,2022-02-08,154.2,141.6
Guangzhou,2022-02-09,173.76,139.56
Guangzhou,2022-02-10,142.92,135.36
Guangzhou,2022-02-11,239.76,123.72
Guangzhou,2022-02-12,153.84,168.96
Guangzhou,2022-02-13,156.96,283.8
Guangzhou,2022-02-14,154.32,164.88
Guangzhou,2022-02-15,243.72,154.2
Guangzhou,2022-02-16,226.44,173.76
Guangzhou,2022-02-17,155.04,142.92
Guangzhou,2022-02-18,182.64,239.76
Guangzhou,2022-02-19,207.72,153.84
Guangzhou,2022-02-20,193.08,156.96
Guangzhou,2022-02-21,169.2,154.32
Guangzhou,2022-02-22,175.32,243.72
Guangzhou,2022-02-23,188.28,226.44
Guangzhou,2022-02-24,174.72,155.04
Guangzhou,2022-02-25,178.8,182.64
Guangzhou,2022-02-26,188.88,207.72
Guangzhou,2022-02-27,201.96,193.08
Guangzhou,2022-02-28,151.8,169.2
Guangzhou,2022-03-01,175.68,175.32
Guangzhou,2022-03-02,263.4,188.28
Guangzhou,2022-03-03,162.84,174.72
Guangzhou,2022-03-04,173.52,178.8
Guangzhou,2022-03-05,201.6,188.88
Guangzhou,2022-03-06,178.8,201.96
Guangzhou,2022-03-07,159.36,151.8
Guangzhou,2022-03-08,158.64,175.68
Guangzhou,2022-03-09,172.92,263.4
Guangzhou,2022-03-10,175.8,162.84
Guangzhou,2022-03-11,176.76,173.52
Guangzhou,2022-03-12,217.44,201.6
Guangzhou,2022-03-13,199.2,178.8
Guangzhou,2022-03-14,177.12,159.36
Guangzhou,2022-03-15,179.04,158.64
Guangzhou,2022-03-16,222.36,172.92
Guangzhou,2022-03-17,180.84,175.8
Guangzhou,2022-03-18,157.92,176.76
Guangzhou,2022-03-19,209.04,217.44
Guangzhou,2022-03-20,196.2,199.2
Guangzhou,2022-03-21,186.72,177.12
Guangzhou,2022-03-22,296.52,179.04
Guangzhou,2022-03-23,190.8,222.36
Guangzhou,2022-03-24,180.24,180.84
Guangzhou,2022-03-25,288.36,157.92
Guangzhou,2022-03-26,147.96,209.04
Guangzhou,2022-03-27,204.84,196.2
Guangzhou,2022-03-28,184.68,186.72
Guangzhou,2022-03-29,168.12,296.52
Guangzhou,2022-03-30,191.52,190.8
Guangzhou,2022-03-31,202.32,180.24
Guangzhou,2022-04-01,196.68,288.36
Guangzhou,2022-04-02,203.16,147.96
Guangzhou,2022-04-03,168.96,204.84
Guangzhou,2022-04-04,159.12,184.68
Guangzhou,2022-04-05,200.04,168.12
Guangzhou,2022-04-06,161.16,191.52
Guangzhou,2022-04-07,194.04,202.32
Guangzhou,2022-04-08,181.08,196.68
Guangzhou,2022-04-09,186.96,203.16
Guangzhou,2022-04-10,194.04,168.96
Guangzhou,2022-04-11,174.12,159.12
Guangzhou,2022-04-12,161.16,200.04
Guangzhou,2022-04-13,196.68,161.16
Guangzhou,2022-04-14,237.84,194.04
Guangzhou,2022-04-15,199.56,181.08
Guangzhou,2022-04-16,214.8,186.96
Guangzhou,2022-04-17,212.76,194.04
Guangzhou,2022-04-18,159.0,174.12
Guangzhou,2022-04-19,197.04,161.16
Guangzhou,2022-04-20,186.24,196.68
Guangzhou,2022-04-21,171.36,237.84
Guangzhou,2022-04-22,173.28,199.56
Guangzhou,2022-04-23,208.8,214.8
Guangzhou,2022-04-24,216.72,212.76
Guangzhou,2022-04-25,185.52,159.0
Guangzhou,2022-04-26,169.32,197.04
Guangzhou,2022-04-27,164.04,186.24
Guangzhou,2022-04-28,158.4,171.36
Guangzhou,2022-04-29,185.76,173.28
Guangzhou,2022-04-30,179.88,208.8
Guangzhou,2022-05-01,187.08,216.72
Guangzhou,2022-05-02,146.88,185.52
Guangzhou,2022-05-03,164.4,169.32
Guangzhou,2022-05-04,143.4,164.04
Guangzhou,2022-05-05,163.92,158.4
Guangzhou,2022-05-06,175.44,185.76
Guangzhou,2022-05-07,192.24,179.88
Guangzhou,2022-05-08,192.6,187.08
Guangzhou,2022-05-09,141.0,146.88
Guangzhou,2022-05-10,232.44,164.4
Guangzhou,2022-05-11,163.8,143.4
Guangzhou,2022-05-12,141.72,163.92
Guangzhou,2022-05-13,149.52,175.44
Guangzhou,2022-05-14,165.6,192.24
Guangzhou,2022-05-15,191.28,192.6
Guangzhou,2022-05-16,153.48,141.0
Guangzhou,2022-05-17,183.72,232.44
Guangzhou,2022-05-18,147.6,163.8
Guangzhou,2022-05-19,159.84,141.72
Guangzhou,2022-05-20,165.24,149.52
Guangzhou,2022-05-21,272.04,165.6
Guangzhou,2022-05-22,201.24,191.28
Guangzhou,2022-05-23,150.6,153.48
Guangzhou,2022-05-24,154.8,183.72
Guangzhou,2022-05-25,154.68,147.6
Guangzhou,2022-05-26,148.44,159.84
Guangzhou,2022-05-27,153.6,165.24
Guangzhou,2022-05-28,146.76,272.04
Guangzhou,2022-05-29,168.84,201.24
Guangzhou,2022-05-30,147.84,150.6
Guangzhou,2022-05-31,154.2,154.8
Guangzhou,2022-06-01,132.96,154.68
Guangzhou,2022-06-02,148.68,148.44
Guangzhou,2022-06-03,142.44,153.6
Guangzhou,2022-06-04,256.8,146.76
Guangzhou,2022-06-05,171.72,168.84
Guangzhou,2022-06-06,154.56,147.84
Guangzhou,2022-06-07,135.12,154.2
Guangzhou,2022-06-08,146.64,132.96
Guangzhou,2022-06-09,117.84,148.68
Guangzhou,2022-06-10,147.84,142.44
Guangzhou,2022-06-11,155.04,256.8
Guangzhou,2022-06-12,120.72,171.72
Guangzhou,2022-06-13,138.36,154.56
Guangzhou,2022-06-14,127.8,135.12
Guangzhou,2022-06-15,142.32,146.64
Guangzhou,2022-06-16,120.6,117.84
Guangzhou,2022-06-17,135.0,147.84
Guangzhou,2022-06-18,145.68,155.04
Guangzhou,2022-06-19,129.48,120.72
Guangzhou,2022-06-20,119.52,138.36
Guangzhou,2022-06-21,131.16,127.8
Guangzhou,2022-06-22,104.4,142.32
Guangzhou,2022-06-23,112.08,120.6
Guangzhou,2022-06-24,114.0,135.0
Guangzhou,2022-06-25,147.24,145.68
Guangzhou,2022-06-26,150.84,129.48
Guangzhou,2022-06-27,110.28,119.52
Guangzhou,2022-06-28,117.96,131.16
Guangzhou,2022-06-29,127.92,104.4
Guangzhou,2022-06-30,116.4,112.08
Guangzhou,2022-07-01,109.08,114.0
Guangzhou,2022-07-02,127.32,147.24
Guangzhou,2022-07-03,115.08,150.84
Guangzhou,2022-07-04,114.0,110.28
Guangzhou,2022-07-05,86.52,117.96
Guangzhou,2022-07-06,121.68,127.92
Guangzhou,2022-07-07,95.64,116.4
Guangzhou,2022-07-08,126.96,109.08
Guangzhou,2022-07-09,118.2,127.32
Guangzhou,2022-07-10,113.28,115.08
Guangzhou,2022-07-11,104.04,114.0
Guangzhou,2022-07-12,92.52,86.52
Guangzhou,2022-07-13,101.28,121.68
Guangzhou,2022-07-14,101.64,95.64
Guangzhou,2022-07-15,113.76,126.96
Guangzhou,2022-07-16,117.12,118.2
Guangzhou,2022-07-17,110.4,113.28
Guangzhou,2022-07-18,94.8,104.04
Guangzhou,2022-07-19,91.32,92.52
Guangzhou,2022-07-20,99.84,101.28
Guangzhou,2022-07-21,92.28,101.64
Guangzhou,2022-07-22,100.8,113.76
Guangzhou,2022-07-23,152.4,117.12
Guangzhou,2022-07-24,86.88,110.4
Guangzhou,2022-07-25,71.76,94.8
Guangzhou,2022-07-26,100.56,91.32
Guangzhou,2022-07-27,81.96,99.84
Guangzhou,2022-07-28,98.52,92.28
Guangzhou,2022-07-29,97.92,100.8
Guangzhou,2022-07-30,106.2,152.4
Guangzhou,2022-07-31,92.04,86.88
Guangzhou,2022-08-01,84.48,71.76
Guangzhou,2022-08-02,87.0,100.56
Guangzhou,2022-08-03,140.52,81.96
Guangzhou,2022-08-04,88.08,98.52
Guangzhou,2022-08-05,72.36,97.92
Guangzhou,2022-08-06,83.76,106.2
Guangzhou,2022-08-07,83.16,92.04
Guangzhou,2022-08-08,84.12,84.48
Guangzhou,2022-08-09,75.36,87.0
Guangzhou,2022-08-10,85.2,140.52
Guangzhou,2022-08-11,72.36,88.08
Guangzhou,2022-08-12,79.56,72.36
Guangzhou,2022-08-13,79.08,83.76
Guangzhou,2022-08-14,77.64,83.16
Guangzhou,2022-08-15,80.4,84.12
Guangzhou,2022-08-16,74.04,75.36
Guangzhou,2022-08-17,77.28,85.2
Guangzhou,2022-08-18,63.84,72.36
Guangzhou,2022-08-19,73.56,79.56
Guangzhou,2022-08-20,84.84,79.08
Guangzhou,2022-08-21,124.56,77.64
Guangzhou,2022-08-22,75.48,80.4
Guangzhou,2022-08-23,66.0,74.04
Guangzhou,2022-08-24,67.68,77.28
Guangzhou,2022-08-25,65.64,63.84
Guangzhou,2022-08-26,76.92,73.56
Guangzhou,2022-08-27,94.08,84.84
Guangzhou,2022-08-28,84.0,124.56
Guangzhou,2022-08-29,68.76,75.48
Guangzhou,2022-08-30,59.76,66.0
Guangzhou,2022-08-31,101.4,67.68
Guangzhou,2022-09-01,71.52,65.64
Guangzhou,2022-09-02,60.96,76.92
Guangzhou,2022-09-03,78.48,94.08
Guangzhou,2022-09-04,98.76,84.0
Guangzhou,2022-09-05,73.56,68.76
Guangzhou,2022-09-06,59.04,59.76
Guangzhou,2022-09-07,59.88,101.4
Guangzhou,2022-09-08,67.68,71.52
Guangzhou,2022-09-09,71.16,60.96
Guangzhou,2022-09-10,84.48,78.48
Guangzhou,2022-09-11,65.04,98.76
Guangzhou,2022-09-12,65.52,73.56
Guangzhou,2022-09-13,59.04,59.04
Guangzhou,2022-09-14,57.84,59.88
Guangzhou,2022-09-15,60.24,67.68
Guangzhou,2022-09-16,60.96,71.16
Guangzhou,2022-09-17,68.52,84.48
Guangzhou,2022-09-18,105.6,65.04
Guangzhou,2022-09-19,57.48,65.52
Guangzhou,2022-09-20,93.24,59.04
Guangzhou,2022-09-21,83.16,57.84
Guangzhou,2022-09-22,54.36,60.24
Guangzhou,2022-09-23,56.64,60.96
Guangzhou,2022-09-24,60.24,68.52
Guangzhou,2022-09-25,58.8,105.6
Guangzhou,2022-09-26,55.32,57.48
Guangzhou,2022-09-27,58.56,93.24
Guangzhou,2022-09-28,59.4,83.16
Guangzhou,2022-09-29,54.84,54.36
Guangzhou,2022-09-30,64.08,56.64
Guangzhou,2022-10-01,83.04,60.24
Guangzhou,2022-10-02,67.08,58.8
Guangzhou,2022-10-03,54.84,55.32
Guangzhou,2022-10-04,45.24,58.56
Guangzhou,2022-10-05,68.4,59.4
Guangzhou,2022-10-06,61.68,54.84
Guangzhou,2022-10-07,62.28,64.08
Guangzhou,2022-10-08,73.2,83.04
Guangzhou,2022-10-09,72.0,67.08
Guangzhou,2022-10-10,63.72,54.84
Guangzhou,2022-10-11,62.64,45.24
Guangzhou,2022-10-12,54.48,68.4
Guangzhou,2022-10-13,65.4,61.68
Guangzhou,2022-10-14,57.84,62.28
Guangzhou,2022-10-15,63.84,73.2
Guangzhou,2022-10-16,62.76,72.0
Guangzhou,2022-10-17,63.12,63.72
Guangzhou,2022-10-18,94.92,62.64
Guangzhou,2022-10-19,62.04,54.48
Guangzhou,2022-10-20,57.6,65.4
Guangzhou,2022-10-21,62.52,57.84
Guangzhou,2022-10-22,65.28,63.84
Guangzhou,2022-10-23,63.96,62.76
Guangzhou,2022-10-24,65.4,63.12
Guangzhou,2022-10-25,63.24,94.92
Guangzhou,2022-10-26,59.88,62.04
Guangzhou,2022-10-27,57.6,57.6
Guangzhou,2022-10-28,68.28,62.52
Guangzhou,2022-10-29,74.52,65.28
Guangzhou,2022-10-30,72.0,63.96
Guangzhou,2022-10-31,105.96,65.4
Guangzhou,2022-11-01,58.08,63.24
Guangzhou,2022-11-02,69.48,59.88
Guangzhou,2022-11-03,64.44,57.6
Guangzhou,2022-11-04,68.88,68.28
Guangzhou,2022-11-05,70.2,74.52
Guangzhou,2022-11-06,78.0,72.0
Guangzhou,2022-11-07,62.88,105.96
Guangzhou,2022-11-08,74.16,58.08
Guangzhou,2022-11-09,67.8,69.48
Guangzhou,2022-11-10,82.68,64.44
Guangzhou,2022-11-11,101.28,68.88
Guangzhou,2022-11-12,90.48,70.2
Guangzhou,2022-11-13,72.0,78.0
Guangzhou,2022-11-14,73.92,62.88
Guangzhou,2022-11-15,99.36,74.16
Guangzhou,2022-11-16,73.44,67.8
Guangzhou,2022-11-17,117.48,82.68
Guangzhou,2022-11-18,86.64,101.28
Guangzhou,2022-11-19,111.0,90.48
Guangzhou,2022-11-20,78.48,72.0
Guangzhou,2022-11-21,68.04,73.92
Guangzhou,2022-11-22,106.8,99.36
Guangzhou,2022-11-23,80.88,73.44
Guangzhou,2022-11-24,67.92,117.48
Guangzhou,2022-11-25,87.6,86.64
Guangzhou,2022-11-26,100.8,111.0
Guangzhou,2022-11-27,96.36,78.48
Guangzhou,2022-11-28,75.0,68.04
Guangzhou,2022-11-29,67.56,106.8
Guangzhou,2022-11-30,80.64,80.88
Guangzhou,2022-12-01,71.4,67.92
Guangzhou,2022-12-02,92.64,87.6
Guangzhou,2022-12-03,91.08,100.8
Guangzhou,2022-12-04,146.52,96.36
Guangzhou,2022-12-05,100.44,75.0
Guangzhou,2022-12-06,75.72,67.56
Guangzhou,2022-12-07,94.44,80.64
Guangzhou,2022-12-08,102.24,71.4
Guangzhou,2022-12-09,86.4,92.64
Guangzhou,2022-12-10,103.92,91.08
Guangzhou,2022-12-11,103.44,146.52
Guangzhou,2022-12-12,120.36,100.44
Guangzhou,2022-12-13,92.64,75.72
Guangzhou,2022-12-14,87.0,94.44
Guangzhou,2022-12-15,96.24,102.24
Guangzhou,2022-12-16,107.16,86.4
Guangzhou,2022-12-17,113.28,103.92
Guangzhou,2022-12-18,82.8,103.44
Guangzhou,2022-12-19,87.72,120.36
Guangzhou,2022-12-20,108.6,92.64
Guangzhou,2022-12-21,102.12,87.0
Guangzhou,2022-12-22,107.52,96.24
Guangzhou,2022-12-23,99.6,107.16
Guangzhou,2022-12-24,113.28,113.28
Guangzhou,2022-12-25,203.16,82.8
Guangzhou,2022-12-26,101.4,87.72
Guangzhou,2022-12-27,113.16,108.6
Guangzhou,2022-12-28,93.72,102.12
Guangzhou,2022-12-29,115.68,107.52
Guangzhou,2022-12-30,99.36,99.6
Guangzhou,2022-12-31,106.08,113.28
